CountryISO,CountryName,Admin1ISO,Admin1Name,Admin1Name_Preferred,epix
KH,CAMBODIA,KH-1,Banteay Mean Chey,BÂNTÉAY MÉANCHEY,Banteay Meanchey
KH,CAMBODIA,KH-1,banteay mean chey,BÂNTÉAY MÉANCHEY,Banteay Meanchey
KH,CAMBODIA,KH-1,BÂNTÉAY MÉANCHEY,BÂNTÉAY MÉANCHEY,Banteay Meanchey
KH,CAMBODIA,KH-1,Bântéay Méanchey,BÂNTÉAY MÉANCHEY,Banteay Meanchey
KH,CAMBODIA,KH-10,Kracheh,KRÂCHÉH,Kracheh
KH,CAMBODIA,KH-10,KRÂCHÉH,KRÂCHÉH,Kracheh
KH,CAMBODIA,KH-10,Krâchéh,KRÂCHÉH,Kracheh
KH,CAMBODIA,KH-10,kratie,KRÂCHÉH,Kracheh
KH,CAMBODIA,KH-11,mondol kiri,MÔNDÓL KIRI,Mondol Kiri
KH,CAMBODIA,KH-11,Mondol Kiri,MÔNDÓL KIRI,Mondol Kiri
KH,CAMBODIA,KH-11,Môndól Kiri,MÔNDÓL KIRI,Mondol Kiri
KH,CAMBODIA,KH-11,MÔNDÓL KIRI,MÔNDÓL KIRI,Mondol Kiri
KH,CAMBODIA,KH-12,phnom penh,PHNUM PÉNH,Phnom Penh
KH,CAMBODIA,KH-12,Phnom Penh,PHNUM PÉNH,Phnom Penh
KH,CAMBODIA,KH-12,PHNUM PÉNH,PHNUM PÉNH,Phnom Penh
KH,CAMBODIA,KH-12,Phnum Pénh,PHNUM PÉNH,Phnom Penh
KH,CAMBODIA,KH-13,Preah Vihear,PREĂH VIHÉAR,Preah Vihear
KH,CAMBODIA,KH-13,preah vihear,PREĂH VIHÉAR,Preah Vihear
KH,CAMBODIA,KH-13,Preăh Vihéar,PREĂH VIHÉAR,Preah Vihear
KH,CAMBODIA,KH-13,PREĂH VIHÉAR,PREĂH VIHÉAR,Preah Vihear
KH,CAMBODIA,KH-14,Prey Veaeng,PREY VÊNG,Prey Veng
KH,CAMBODIA,KH-14,prey veng,PREY VÊNG,Prey Veng
KH,CAMBODIA,KH-14,PREY VÊNG,PREY VÊNG,Prey Veng
KH,CAMBODIA,KH-14,Prey Vêng,PREY VÊNG,Prey Veng
KH,CAMBODIA,KH-15,Pousaat,POŬTHĬSĂT,Pouthisat
KH,CAMBODIA,KH-15,pousat,POŬTHĬSĂT,Pouthisat
KH,CAMBODIA,KH-15,Poŭthĭsăt,POŬTHĬSĂT,Pouthisat
KH,CAMBODIA,KH-15,POŬTHĬSĂT,POŬTHĬSĂT,Pouthisat
KH,CAMBODIA,KH-16,rotanak kiri,RÔTÂNÔKIRI,Rotanokiri
KH,CAMBODIA,KH-16,Rotanak Kiri,RÔTÂNÔKIRI,Rotanokiri
KH,CAMBODIA,KH-16,RÔTÂNÔKIRI,RÔTÂNÔKIRI,Rotanokiri
KH,CAMBODIA,KH-16,Rôtânôkiri,RÔTÂNÔKIRI,Rotanokiri
KH,CAMBODIA,KH-17,Siem Reab,SIĔMRÉAB,Siemreab
KH,CAMBODIA,KH-17,siem reap,SIĔMRÉAB,Siemreab
KH,CAMBODIA,KH-17,SIĔMRÉAB,SIĔMRÉAB,Siemreab
KH,CAMBODIA,KH-17,Siĕmréab,SIĔMRÉAB,Siemreab
KH,CAMBODIA,KH-18,Krong Preah Sihanouk,KRŎNG PREĂH SIHANOUK,Preah Sihanouk
KH,CAMBODIA,KH-18,krong preah sihanouk,KRŎNG PREĂH SIHANOUK,Preah Sihanouk
KH,CAMBODIA,KH-18,Krŏng Preăh Sihanouk,KRŎNG PREĂH SIHANOUK,Preah Sihanouk
KH,CAMBODIA,KH-18,KRŎNG PREĂH SIHANOUK,KRŎNG PREĂH SIHANOUK,Preah Sihanouk
KH,CAMBODIA,KH-19,STOĔNG TRÊNG,STOĔNG TRÊNG,Stoeng Treng
KH,CAMBODIA,KH-19,Stoĕng Trêng,STOĔNG TRÊNG,Stoeng Treng
KH,CAMBODIA,KH-19,Stueng Traeng,STOĔNG TRÊNG,Stoeng Treng
KH,CAMBODIA,KH-19,stung treng,STOĔNG TRÊNG,Stoeng Treng
KH,CAMBODIA,KH-2,Baat Dambang,BĂTDÂMBÂNG,Batdambang
KH,CAMBODIA,KH-2,bat dambang,BĂTDÂMBÂNG,Batdambang
KH,CAMBODIA,KH-2,Bătdâmbâng,BĂTDÂMBÂNG,Batdambang
KH,CAMBODIA,KH-2,BĂTDÂMBÂNG,BĂTDÂMBÂNG,Batdambang
KH,CAMBODIA,KH-20,Svaay Rieng,SVAY RIĔNG,Svay Rieng
KH,CAMBODIA,KH-20,svay rieng,SVAY RIĔNG,Svay Rieng
KH,CAMBODIA,KH-20,Svay Riĕng,SVAY RIĔNG,Svay Rieng
KH,CAMBODIA,KH-20,SVAY RIĔNG,SVAY RIĔNG,Svay Rieng
KH,CAMBODIA,KH-21,Taakaev,TAKÊV,Takev
KH,CAMBODIA,KH-21,takaev,TAKÊV,Takev
KH,CAMBODIA,KH-21,Takêv,TAKÊV,Takev
KH,CAMBODIA,KH-21,TAKÊV,TAKÊV,Takev
KH,CAMBODIA,KH-22,otdar mean chey,ŎTDÂR MÉANCHEY,Otdar Mean Chey
KH,CAMBODIA,KH-22,Otdar Mean Chey,ŎTDÂR MÉANCHEY,Otdar Mean Chey
KH,CAMBODIA,KH-22,ŎTDÂR MÉANCHEY,ŎTDÂR MÉANCHEY,Otdar Mean Chey
KH,CAMBODIA,KH-22,Ŏtdâr Méanchey,ŎTDÂR MÉANCHEY,Otdar Mean Chey
KH,CAMBODIA,KH-23,krong kaeb,KRŎNG KÊB,Kep
KH,CAMBODIA,KH-23,Krong Kaeb,KRŎNG KÊB,Kep
KH,CAMBODIA,KH-23,Krŏng Kêb,KRŎNG KÊB,Kep
KH,CAMBODIA,KH-23,KRŎNG KÊB,KRŎNG KÊB,Kep
KH,CAMBODIA,KH-24,Krong Pailin,KRŎNG PAILĬN,Pailin
KH,CAMBODIA,KH-24,krong pailin,KRŎNG PAILĬN,Pailin
KH,CAMBODIA,KH-24,KRŎNG PAILĬN,KRŎNG PAILĬN,Pailin
KH,CAMBODIA,KH-24,Krŏng Pailĭn,KRŎNG PAILĬN,Pailin
KH,CAMBODIA,KH-3,Kampong Chaam,KÂMPÓNG CHAM,Kampong Cham
KH,CAMBODIA,KH-3,kampong cham,KÂMPÓNG CHAM,Kampong Cham
KH,CAMBODIA,KH-3,KÂMPÓNG CHAM,KÂMPÓNG CHAM,Kampong Cham
KH,CAMBODIA,KH-3,Kâmpóng Cham,KÂMPÓNG CHAM,Kampong Cham
KH,CAMBODIA,KH-4,kampong chhnang,KÂMPÓNG CHHNĂNG,Kampong Chhnang
KH,CAMBODIA,KH-4,Kampong Chhnang,KÂMPÓNG CHHNĂNG,Kampong Chhnang
KH,CAMBODIA,KH-4,KÂMPÓNG CHHNĂNG,KÂMPÓNG CHHNĂNG,Kampong Chhnang
KH,CAMBODIA,KH-4,Kâmpóng Chhnăng,KÂMPÓNG CHHNĂNG,Kampong Chhnang
KH,CAMBODIA,KH-5,KÂMPÓNG SPŒ,KÂMPÓNG SPŒ,Kampong Spoe
KH,CAMBODIA,KH-5,Kâmpóng Spœ,KÂMPÓNG SPŒ,Kampong Spoe
KH,CAMBODIA,KH-5,kampong spueu,KÂMPÓNG SPŒ,Kampong Spoe
KH,CAMBODIA,KH-5,Kampong Spueu,KÂMPÓNG SPŒ,Kampong Spoe
KH,CAMBODIA,KH-6,kampong thom,KÂMPÓNG THUM,Kampong Thum
KH,CAMBODIA,KH-6,Kampong Thum,KÂMPÓNG THUM,Kampong Thum
KH,CAMBODIA,KH-6,Kâmpóng Thum,KÂMPÓNG THUM,Kampong Thum
KH,CAMBODIA,KH-6,KÂMPÓNG THUM,KÂMPÓNG THUM,Kampong Thum
KH,CAMBODIA,KH-7,Kampot,KÂMPÔT,Kampot
KH,CAMBODIA,KH-7,kampot,KÂMPÔT,Kampot
KH,CAMBODIA,KH-7,Kâmpôt,KÂMPÔT,Kampot
KH,CAMBODIA,KH-7,KÂMPÔT,KÂMPÔT,Kampot
KH,CAMBODIA,KH-8,Kandaal,KÂNDAL,Kandal
KH,CAMBODIA,KH-8,kandal,KÂNDAL,Kandal
KH,CAMBODIA,KH-8,Kândal,KÂNDAL,Kandal
KH,CAMBODIA,KH-8,KÂNDAL,KÂNDAL,Kandal
KH,CAMBODIA,KH-9,Kaoh Kong,KAÔH KŎNG,Kaoh Kong
KH,CAMBODIA,KH-9,KAÔH KŎNG,KAÔH KŎNG,Kaoh Kong
KH,CAMBODIA,KH-9,Kaôh Kŏng,KAÔH KŎNG,Kaoh Kong
KH,CAMBODIA,KH-9,koh kong,KAÔH KŎNG,Kaoh Kong
LA,LAO PEOPLE'S DEMOCRATIC REPUBLIC,LA-AT,attapeu,ATTAPU,Attapu
LA,LAO PEOPLE'S DEMOCRATIC REPUBLIC,LA-AT,ATTAPU,ATTAPU,Attapu
LA,LAO PEOPLE'S DEMOCRATIC REPUBLIC,LA-AT,Attapu,ATTAPU,Attapu
LA,LAO PEOPLE'S DEMOCRATIC REPUBLIC,LA-AT,Attopeu,ATTAPU,Attapu
LA,LAO PEOPLE'S DEMOCRATIC REPUBLIC,LA-BK,bokeo,BOKÈO,Bokeo
LA,LAO PEOPLE'S DEMOCRATIC REPUBLIC,LA-BK,BOKÈO,BOKÈO,Bokeo
LA,LAO PEOPLE'S DEMOCRATIC REPUBLIC,LA-BK,Bokèo,BOKÈO,Bokeo
LA,LAO PEOPLE'S DEMOCRATIC REPUBLIC,LA-BL,Bolikhamxai,BOLIKHAMXAI,Bolikhamxai
LA,LAO PEOPLE'S DEMOCRATIC REPUBLIC,LA-BL,BOLIKHAMXAI,BOLIKHAMXAI,Bolikhamxai
LA,LAO PEOPLE'S DEMOCRATIC REPUBLIC,LA-BL,borikhamxay,BOLIKHAMXAI,Bolikhamxai
LA,LAO PEOPLE'S DEMOCRATIC REPUBLIC,LA-BL,Borikhane,BOLIKHAMXAI,Bolikhamxai
LA,LAO PEOPLE'S DEMOCRATIC REPUBLIC,LA-CH,champasack,CHAMPASAK,Champasak
LA,LAO PEOPLE'S DEMOCRATIC REPUBLIC,LA-CH,Champasak,CHAMPASAK,Champasak
LA,LAO PEOPLE'S DEMOCRATIC REPUBLIC,LA-CH,CHAMPASAK,CHAMPASAK,Champasak
LA,LAO PEOPLE'S DEMOCRATIC REPUBLIC,LA-CH,Champassak,CHAMPASAK,Champasak
LA,LAO PEOPLE'S DEMOCRATIC REPUBLIC,LA-HO,HOUAPHAN,HOUAPHAN,Houaphan
LA,LAO PEOPLE'S DEMOCRATIC REPUBLIC,LA-HO,Houaphan,HOUAPHAN,Houaphan
LA,LAO PEOPLE'S DEMOCRATIC REPUBLIC,LA-HO,huaphanh,HOUAPHAN,Houaphan
LA,LAO PEOPLE'S DEMOCRATIC REPUBLIC,LA-KH,KHAMMOUAN,KHAMMOUAN,Khammouan
LA,LAO PEOPLE'S DEMOCRATIC REPUBLIC,LA-KH,Khammouan,KHAMMOUAN,Khammouan
LA,LAO PEOPLE'S DEMOCRATIC REPUBLIC,LA-KH,khammuane,KHAMMOUAN,Khammouan
LA,LAO PEOPLE'S DEMOCRATIC REPUBLIC,LA-LM,LOUANG NAMTHA,LOUANG NAMTHA,Louang Namtha
LA,LAO PEOPLE'S DEMOCRATIC REPUBLIC,LA-LM,Louang Namtha,LOUANG NAMTHA,Louang Namtha
LA,LAO PEOPLE'S DEMOCRATIC REPUBLIC,LA-LM,luangnamtha,LOUANG NAMTHA,Louang Namtha
LA,LAO PEOPLE'S DEMOCRATIC REPUBLIC,LA-LP,Louang Prabang,LOUANGPHABANG,Louangphrabang
LA,LAO PEOPLE'S DEMOCRATIC REPUBLIC,LA-LP,LOUANGPHABANG,LOUANGPHABANG,Louangphrabang
LA,LAO PEOPLE'S DEMOCRATIC REPUBLIC,LA-LP,Louangphabang,LOUANGPHABANG,Louangphrabang
LA,LAO PEOPLE'S DEMOCRATIC REPUBLIC,LA-LP,luangprabang,LOUANGPHABANG,Louangphrabang
LA,LAO PEOPLE'S DEMOCRATIC REPUBLIC,LA-OU,Oudomsai,OUDÔMXAI,Oudomxai
LA,LAO PEOPLE'S DEMOCRATIC REPUBLIC,LA-OU,OUDÔMXAI,OUDÔMXAI,Oudomxai
LA,LAO PEOPLE'S DEMOCRATIC REPUBLIC,LA-OU,Oudômxai,OUDÔMXAI,Oudomxai
LA,LAO PEOPLE'S DEMOCRATIC REPUBLIC,LA-OU,oudomxay,OUDÔMXAI,Oudomxai
LA,LAO PEOPLE'S DEMOCRATIC REPUBLIC,LA-PH,Phong Saly,PHÔNGSALI,Phongsali
LA,LAO PEOPLE'S DEMOCRATIC REPUBLIC,LA-PH,Phôngsali,PHÔNGSALI,Phongsali
LA,LAO PEOPLE'S DEMOCRATIC REPUBLIC,LA-PH,PHÔNGSALI,PHÔNGSALI,Phongsali
LA,LAO PEOPLE'S DEMOCRATIC REPUBLIC,LA-PH,phongsaly,PHÔNGSALI,Phongsali
LA,LAO PEOPLE'S DEMOCRATIC REPUBLIC,LA-SL,Salavan,SALAVAN,Saravan
LA,LAO PEOPLE'S DEMOCRATIC REPUBLIC,LA-SL,SALAVAN,SALAVAN,Saravan
LA,LAO PEOPLE'S DEMOCRATIC REPUBLIC,LA-SL,saravane,SALAVAN,Saravan
LA,LAO PEOPLE'S DEMOCRATIC REPUBLIC,LA-SL,Saravane,SALAVAN,Saravan
LA,LAO PEOPLE'S DEMOCRATIC REPUBLIC,LA-SV,savannakhet,SAVANNAKHÉT,Savannakhet
LA,LAO PEOPLE'S DEMOCRATIC REPUBLIC,LA-SV,SAVANNAKHÉT,SAVANNAKHÉT,Savannakhet
LA,LAO PEOPLE'S DEMOCRATIC REPUBLIC,LA-SV,Savannakhét,SAVANNAKHÉT,Savannakhet
LA,LAO PEOPLE'S DEMOCRATIC REPUBLIC,LA-VI,VIANGCHAN,VIANGCHAN,Vientiane
LA,LAO PEOPLE'S DEMOCRATIC REPUBLIC,LA-VI,Vientiane,VIANGCHAN,Vientiane
LA,LAO PEOPLE'S DEMOCRATIC REPUBLIC,LA-VI,vientiane,VIANGCHAN,Vientiane
LA,LAO PEOPLE'S DEMOCRATIC REPUBLIC,LA-VT,VIANGCHAN [PREFECTURE],VIANGCHAN [PREFECTURE],Vientiane_prefecture
LA,LAO PEOPLE'S DEMOCRATIC REPUBLIC,LA-VT,Vientiane,VIANGCHAN [PREFECTURE],Vientiane_prefecture
LA,LAO PEOPLE'S DEMOCRATIC REPUBLIC,LA-VT,vientiane municipality,VIANGCHAN [PREFECTURE],Vientiane_prefecture
LA,LAO PEOPLE'S DEMOCRATIC REPUBLIC,LA-XA,Sayaboury,XAIGNABOULI,Xaignabouri
LA,LAO PEOPLE'S DEMOCRATIC REPUBLIC,LA-XA,Xaignabouli,XAIGNABOULI,Xaignabouri
LA,LAO PEOPLE'S DEMOCRATIC REPUBLIC,LA-XA,XAIGNABOULI,XAIGNABOULI,Xaignabouri
LA,LAO PEOPLE'S DEMOCRATIC REPUBLIC,LA-XA,xayabury,XAIGNABOULI,Xaignabouri
LA,LAO PEOPLE'S DEMOCRATIC REPUBLIC,LA-XE,sekong,XÉKONG,Xekong
LA,LAO PEOPLE'S DEMOCRATIC REPUBLIC,LA-XE,Sékong,XÉKONG,Xekong
LA,LAO PEOPLE'S DEMOCRATIC REPUBLIC,LA-XE,XÉKONG,XÉKONG,Xekong
LA,LAO PEOPLE'S DEMOCRATIC REPUBLIC,LA-XE,Xékong,XÉKONG,Xekong
LA,LAO PEOPLE'S DEMOCRATIC REPUBLIC,LA-XI,XIANGKHOANG,XIANGKHOANG,Xiangkhoang
LA,LAO PEOPLE'S DEMOCRATIC REPUBLIC,LA-XI,Xiangkhoang,XIANGKHOANG,Xiangkhoang
LA,LAO PEOPLE'S DEMOCRATIC REPUBLIC,LA-XI,Xieng Khouang,XIANGKHOANG,Xiangkhoang
LA,LAO PEOPLE'S DEMOCRATIC REPUBLIC,LA-XI,xiengkhuang,XIANGKHOANG,Xiangkhoang
LA,LAO PEOPLE'S DEMOCRATIC REPUBLIC,LA-XS,XAISÔMBOUN,XAISÔMBOUN,Xaisomboun
LA,LAO PEOPLE'S DEMOCRATIC REPUBLIC,LA-XS,xaysomboun special region,XAISÔMBOUN,Xaisomboun
TH,THAILAND,TH-10,KRUNG THEP MAHA NAKHON,KRUNG THEP MAHA NAKHON,Bangkok Metropolis
TH,THAILAND,TH-10,Krung Thep Maha Nakhon,KRUNG THEP MAHA NAKHON,Bangkok Metropolis
TH,THAILAND,TH-11,SAMUT PRAKAN,SAMUT PRAKAN,Samut Prakan
TH,THAILAND,TH-11,Samut Prakan,SAMUT PRAKAN,Samut Prakan
TH,THAILAND,TH-12,NONTHABURI,NONTHABURI,Nonthaburi
TH,THAILAND,TH-12,Nonthaburi,NONTHABURI,Nonthaburi
TH,THAILAND,TH-13,PATHUM THANI,PATHUM THANI,Pathum Thani
TH,THAILAND,TH-13,Pathum Thani,PATHUM THANI,Pathum Thani
TH,THAILAND,TH-14,PHRA NAKHON SI AYUTTHAYA,PHRA NAKHON SI AYUTTHAYA ,Phra Nakhon Si Ayutthaya
TH,THAILAND,TH-14,Phra Nakhon Si Ayutthaya,PHRA NAKHON SI AYUTTHAYA ,Phra Nakhon Si Ayutthaya
TH,THAILAND,TH-15,ANG THONG,ANG THONG,Ang Thong
TH,THAILAND,TH-15,Ang Thong,ANG THONG,Ang Thong
TH,THAILAND,TH-16,LOP BURI,LOP BURI,Lop Buri
TH,THAILAND,TH-16,Lop Buri,LOP BURI,Lop Buri
TH,THAILAND,TH-17,Sing Buri,SING BURI,Sing Buri
TH,THAILAND,TH-17,SING BURI,SING BURI,Sing Buri
TH,THAILAND,TH-18,Chai Nat,CHAI NAT,Chai Nat
TH,THAILAND,TH-18,CHAI NAT,CHAI NAT,Chai Nat
TH,THAILAND,TH-19,Saraburi,SARABURI,Saraburi
TH,THAILAND,TH-19,SARABURI,SARABURI,Saraburi
TH,THAILAND,TH-20,Chon Buri,CHON BURI,Chon Buri
TH,THAILAND,TH-20,CHON BURI,CHON BURI,Chon Buri
TH,THAILAND,TH-21,Rayong,RAYONG,Rayong
TH,THAILAND,TH-21,RAYONG,RAYONG,Rayong
TH,THAILAND,TH-22,Chanthaburi,CHANTHABURI,Chanthaburi
TH,THAILAND,TH-22,CHANTHABURI,CHANTHABURI,Chanthaburi
TH,THAILAND,TH-23,Trat,TRAT,Trat
TH,THAILAND,TH-23,TRAT,TRAT,Trat
TH,THAILAND,TH-24,CHACHOENGSAO,CHACHOENGSAO,Chachoengsao
TH,THAILAND,TH-24,Chachoengsao,CHACHOENGSAO,Chachoengsao
TH,THAILAND,TH-25,PRACHIN BURI,PRACHIN BURI,Prachin Buri
TH,THAILAND,TH-25,Prachin Buri,PRACHIN BURI,Prachin Buri
TH,THAILAND,TH-26,Nakhon Nayok,NAKHON NAYOK,Nakhon Nayok
TH,THAILAND,TH-26,NAKHON NAYOK,NAKHON NAYOK,Nakhon Nayok
TH,THAILAND,TH-27,SA KAEO,SA KAEO,Sa Kaeo
TH,THAILAND,TH-27,Sa Kaeo,SA KAEO,Sa Kaeo
TH,THAILAND,TH-30,Nakhon Ratchasima,NAKHON RATCHASIMA,Nakhon Ratchasima
TH,THAILAND,TH-30,NAKHON RATCHASIMA,NAKHON RATCHASIMA,Nakhon Ratchasima
TH,THAILAND,TH-31,BURI RAM,BURI RAM,Buri Ram
TH,THAILAND,TH-31,Buri Ram,BURI RAM,Buri Ram
TH,THAILAND,TH-32,SURIN,SURIN,Surin
TH,THAILAND,TH-32,Surin,SURIN,Surin
TH,THAILAND,TH-33,Si Sa Ket,SI SA KET,Si Sa Ket
TH,THAILAND,TH-33,SI SA KET,SI SA KET,Si Sa Ket
TH,THAILAND,TH-34,Ubon Ratchathani,UBON RATCHATHANI,Ubon Ratchathani
TH,THAILAND,TH-34,UBON RATCHATHANI,UBON RATCHATHANI,Ubon Ratchathani
TH,THAILAND,TH-35,YASOTHON,YASOTHON,Yasothon
TH,THAILAND,TH-35,Yasothon,YASOTHON,Yasothon
TH,THAILAND,TH-36,CHAIYAPHUM,CHAIYAPHUM,Chaiyaphum
TH,THAILAND,TH-36,Chaiyaphum,CHAIYAPHUM,Chaiyaphum
TH,THAILAND,TH-37,Amnat Charoen,AMNAT CHAROEN,Amnat Charoen
TH,THAILAND,TH-37,AMNAT CHAROEN,AMNAT CHAROEN,Amnat Charoen
TH,THAILAND,TH-38,BUENG KAN,BUENG KAN,Bueng Kan
TH,THAILAND,TH-38,Bueng Kan,BUENG KAN,Bueng Kan
TH,THAILAND,TH-39,NONG BUA LAM PHU,NONG BUA LAM PHU,Nong Bua Lam Phu
TH,THAILAND,TH-39,Nong Bua Lam Phu,NONG BUA LAM PHU,Nong Bua Lam Phu
TH,THAILAND,TH-40,KHON KAEN,KHON KAEN,Khon Kaen
TH,THAILAND,TH-40,Khon Kaen,KHON KAEN,Khon Kaen
TH,THAILAND,TH-41,Udon Thani,UDON THANI,Udon Thani
TH,THAILAND,TH-41,UDON THANI,UDON THANI,Udon Thani
TH,THAILAND,TH-42,Loei,LOEI,Loei
TH,THAILAND,TH-42,LOEI,LOEI,Loei
TH,THAILAND,TH-43,NONG KHAI,NONG KHAI,Nong Khai
TH,THAILAND,TH-43,Nong Khai,NONG KHAI,Nong Khai
TH,THAILAND,TH-44,MAHA SARAKHAM,MAHA SARAKHAM,Maha Sarakham
TH,THAILAND,TH-44,Maha Sarakham,MAHA SARAKHAM,Maha Sarakham
TH,THAILAND,TH-45,ROI ET,ROI ET,Roi Et
TH,THAILAND,TH-45,Roi Et,ROI ET,Roi Et
TH,THAILAND,TH-46,KALASIN,KALASIN,Kalasin
TH,THAILAND,TH-46,Kalasin,KALASIN,Kalasin
TH,THAILAND,TH-47,SAKON NAKHON,SAKON NAKHON,Sakon Nakhon
TH,THAILAND,TH-47,Sakon Nakhon,SAKON NAKHON,Sakon Nakhon
TH,THAILAND,TH-48,Nakhon Phanom,NAKHON PHANOM,Nakhon Phanom
TH,THAILAND,TH-48,NAKHON PHANOM,NAKHON PHANOM,Nakhon Phanom
TH,THAILAND,TH-49,MUKDAHAN,MUKDAHAN,Mukdahan
TH,THAILAND,TH-49,Mukdahan,MUKDAHAN,Mukdahan
TH,THAILAND,TH-50,Chiang Mai,CHIANG MAI,Chiang Mai
TH,THAILAND,TH-50,CHIANG MAI,CHIANG MAI,Chiang Mai
TH,THAILAND,TH-51,Lamphun,LAMPHUN,Lamphun
TH,THAILAND,TH-51,LAMPHUN,LAMPHUN,Lamphun
TH,THAILAND,TH-52,LAMPANG,LAMPANG,Lampang
TH,THAILAND,TH-52,Lampang,LAMPANG,Lampang
TH,THAILAND,TH-53,Uttaradit,UTTARADIT,Uttaradit
TH,THAILAND,TH-53,UTTARADIT,UTTARADIT,Uttaradit
TH,THAILAND,TH-54,Phrae,PHRAE,Phrae
TH,THAILAND,TH-54,PHRAE,PHRAE,Phrae
TH,THAILAND,TH-55,Nan,NAN,Nan
TH,THAILAND,TH-55,NAN,NAN,Nan
TH,THAILAND,TH-56,PHAYAO,PHAYAO,Phayao
TH,THAILAND,TH-56,Phayao,PHAYAO,Phayao
TH,THAILAND,TH-57,Chiang Rai,CHIANG RAI,Chiang Rai
TH,THAILAND,TH-57,CHIANG RAI,CHIANG RAI,Chiang Rai
TH,THAILAND,TH-58,MAE HONG SON,MAE HONG SON,Mae Hong Son
TH,THAILAND,TH-58,Mae Hong Son,MAE HONG SON,Mae Hong Son
TH,THAILAND,TH-60,Nakhon Sawan,NAKHON SAWAN,Nakhon Sawan
TH,THAILAND,TH-60,NAKHON SAWAN,NAKHON SAWAN,Nakhon Sawan
TH,THAILAND,TH-61,Uthai Thani,UTHAI THANI,Uthai Thani
TH,THAILAND,TH-61,UTHAI THANI,UTHAI THANI,Uthai Thani
TH,THAILAND,TH-62,KAMPHAENG PHET,KAMPHAENG PHET,Kamphaeng Phet
TH,THAILAND,TH-62,Kamphaeng Phet,KAMPHAENG PHET,Kamphaeng Phet
TH,THAILAND,TH-63,TAK,TAK,Tak
TH,THAILAND,TH-63,Tak,TAK,Tak
TH,THAILAND,TH-64,SUKHOTHAI,SUKHOTHAI,Sukhothai
TH,THAILAND,TH-64,Sukhothai,SUKHOTHAI,Sukhothai
TH,THAILAND,TH-65,PHITSANULOK,PHITSANULOK,Phitsanulok
TH,THAILAND,TH-65,Phitsanulok,PHITSANULOK,Phitsanulok
TH,THAILAND,TH-66,Phichit,PHICHIT,Phichit
TH,THAILAND,TH-66,PHICHIT,PHICHIT,Phichit
TH,THAILAND,TH-67,PHETCHABUN,PHETCHABUN,Phetchabun
TH,THAILAND,TH-67,Phetchabun,PHETCHABUN,Phetchabun
TH,THAILAND,TH-70,Ratchaburi,RATCHABURI,Ratchaburi
TH,THAILAND,TH-70,RATCHABURI,RATCHABURI,Ratchaburi
TH,THAILAND,TH-71,KANCHANABURI,KANCHANABURI,Kanchanaburi
TH,THAILAND,TH-71,Kanchanaburi,KANCHANABURI,Kanchanaburi
TH,THAILAND,TH-72,Suphan Buri,SUPHAN BURI,Suphan Buri
TH,THAILAND,TH-72,SUPHAN BURI,SUPHAN BURI,Suphan Buri
TH,THAILAND,TH-73,Nakhon Pathom,NAKHON PATHOM,Nakhon Pathom
TH,THAILAND,TH-73,NAKHON PATHOM,NAKHON PATHOM,Nakhon Pathom
TH,THAILAND,TH-74,SAMUT SAKHON,SAMUT SAKHON,Samut Sakhon
TH,THAILAND,TH-74,Samut Sakhon,SAMUT SAKHON,Samut Sakhon
TH,THAILAND,TH-75,Samut Songkhram,SAMUT SONGKHRAM,Samut Songkhram
TH,THAILAND,TH-75,SAMUT SONGKHRAM,SAMUT SONGKHRAM,Samut Songkhram
TH,THAILAND,TH-76,Phetchaburi,PHETCHABURI,Phetchaburi
TH,THAILAND,TH-76,PHETCHABURI,PHETCHABURI,Phetchaburi
TH,THAILAND,TH-77,PRACHUAP KHIRI KHAN,PRACHUAP KHIRI KHAN,Prachuap Khiri Khan
TH,THAILAND,TH-77,Prachuap Khiri Khan,PRACHUAP KHIRI KHAN,Prachuap Khiri Khan
TH,THAILAND,TH-80,Nakhon Si Thammarat,NAKHON SI THAMMARAT,Nakhon Si Thammarat
TH,THAILAND,TH-80,NAKHON SI THAMMARAT,NAKHON SI THAMMARAT,Nakhon Si Thammarat
TH,THAILAND,TH-81,KRABI,KRABI,Krabi
TH,THAILAND,TH-81,Krabi,KRABI,Krabi
TH,THAILAND,TH-82,PHANGNGA,PHANGNGA,Phangnga
TH,THAILAND,TH-82,Phangnga,PHANGNGA,Phangnga
TH,THAILAND,TH-83,Phuket,PHUKET,Phuket
TH,THAILAND,TH-83,PHUKET,PHUKET,Phuket
TH,THAILAND,TH-84,Surat Thani,SURAT THANI,Surat Thani
TH,THAILAND,TH-84,SURAT THANI,SURAT THANI,Surat Thani
TH,THAILAND,TH-85,Ranong,RANONG,Ranong
TH,THAILAND,TH-85,RANONG,RANONG,Ranong
TH,THAILAND,TH-86,Chumphon,CHUMPHON,Chumphon
TH,THAILAND,TH-86,CHUMPHON,CHUMPHON,Chumphon
TH,THAILAND,TH-90,Songkhla,SONGKHLA,Songkhla
TH,THAILAND,TH-90,SONGKHLA,SONGKHLA,Songkhla
TH,THAILAND,TH-91,Satun,SATUN,Satun
TH,THAILAND,TH-91,SATUN,SATUN,Satun
TH,THAILAND,TH-92,Trang,TRANG,Trang
TH,THAILAND,TH-92,TRANG,TRANG,Trang
TH,THAILAND,TH-93,PHATTHALUNG,PHATTHALUNG,Phatthalung
TH,THAILAND,TH-93,Phatthalung,PHATTHALUNG,Phatthalung
TH,THAILAND,TH-94,PATTANI,PATTANI,Pattani
TH,THAILAND,TH-94,Pattani,PATTANI,Pattani
TH,THAILAND,TH-95,YALA,YALA,Yala
TH,THAILAND,TH-95,Yala,YALA,Yala
TH,THAILAND,TH-96,Narathiwat,NARATHIWAT,Narathiwat
TH,THAILAND,TH-96,NARATHIWAT,NARATHIWAT,Narathiwat
TH,THAILAND,TH-S,PHATTHAYA,PHATTHAYA,phatthaya
VN,VIET NAM,VN-01,LAI CHAU,LAI CHÂU,Lai Chau
VN,VIET NAM,VN-01,LAI CHÂU,LAI CHÂU,Lai Chau
VN,VIET NAM,VN-02,LAO CAI,LÀO CAI,Lao Cai
VN,VIET NAM,VN-02,LÀO CAI,LÀO CAI,Lao Cai
VN,VIET NAM,VN-03,HA GIANG,HÀ GIANG,Ha Giang
VN,VIET NAM,VN-03,HÀ GIANG,HÀ GIANG,Ha Giang
VN,VIET NAM,VN-04,CAO BANG,CAO BẰNG,Cao Bang
VN,VIET NAM,VN-04,CAO BẰNG,CAO BẰNG,Cao Bang
VN,VIET NAM,VN-05,SON LA,SƠN LA,Son La
VN,VIET NAM,VN-05,SƠN LA,SƠN LA,Son La
VN,VIET NAM,VN-06,YEN BAI,YÊN BÁI,Yen Bai
VN,VIET NAM,VN-06,YÊN BÁI,YÊN BÁI,Yen Bai
VN,VIET NAM,VN-07,TUYEN QUANG,TUYÊN QUANG,Tuyen Quang
VN,VIET NAM,VN-07,TUYÊN QUANG,TUYÊN QUANG,Tuyen Quang
VN,VIET NAM,VN-09,LANG SON,LẠNG SƠN,Lang Son
VN,VIET NAM,VN-09,LẠNG SƠN,LẠNG SƠN,Lang Son
VN,VIET NAM,VN-13,QUANG NINH,QUẢNG NINH,Quang Ninh
VN,VIET NAM,VN-13,QUẢNG NINH,QUẢNG NINH,Quang Ninh
VN,VIET NAM,VN-14,HOA BINH,HÒA BÌNH,Hoa Binh
VN,VIET NAM,VN-14,HÒA BÌNH,HÒA BÌNH,Hoa Binh
VN,VIET NAM,VN-18,NINH BINH,NINH BÌNH,Ninh Binh
VN,VIET NAM,VN-18,NINH BÌNH,NINH BÌNH,Ninh Binh
VN,VIET NAM,VN-20,THAI BINH,THÁI BÌNH,Thai Binh
VN,VIET NAM,VN-20,THÁI BÌNH,THÁI BÌNH,Thai Binh
VN,VIET NAM,VN-21,THANH HOA,THANH HÓA,Thanh Hoa
VN,VIET NAM,VN-21,THANH HÓA,THANH HÓA,Thanh Hoa
VN,VIET NAM,VN-22,NGHE AN,NGHỆ AN,Nghe An
VN,VIET NAM,VN-22,NGHỆ AN,NGHỆ AN,Nghe An
VN,VIET NAM,VN-23,HA TINH,HÀ TĨNH,Ha Tinh
VN,VIET NAM,VN-23,HÀ TĨNH,HÀ TĨNH,Ha Tinh
VN,VIET NAM,VN-24,QUANG BINH,QUẢNG BÌNH,Quang Binh
VN,VIET NAM,VN-24,QUẢNG BÌNH,QUẢNG BÌNH,Quang Binh
VN,VIET NAM,VN-25,QUANG TRI,QUẢNG TRỊ,Quang Tri
VN,VIET NAM,VN-25,QUẢNG TRỊ,QUẢNG TRỊ,Quang Tri
VN,VIET NAM,VN-26,THUA THIEN-HUE,THỪA THIÊN-HUẾ,Thua Thien Hue
VN,VIET NAM,VN-26,THỪA THIÊN-HUẾ,THỪA THIÊN-HUẾ,Thua Thien Hue
VN,VIET NAM,VN-27,QUANG NAM,QUẢNG NAM,Quang Nam
VN,VIET NAM,VN-27,QUẢNG NAM,QUẢNG NAM,Quang Nam
VN,VIET NAM,VN-28,KON TUM,KON TUM,Kon Tum
VN,VIET NAM,VN-28,KON TUM,KON TUM,Kon Tum
VN,VIET NAM,VN-29,QUANG NGAI,QUẢNG NGÃI,Quang Ngai
VN,VIET NAM,VN-29,QUẢNG NGÃI,QUẢNG NGÃI,Quang Ngai
VN,VIET NAM,VN-30,GIA LAI,GIA LAI,Gia Lai
VN,VIET NAM,VN-30,GIA LAI,GIA LAI,Gia Lai
VN,VIET NAM,VN-31,BINH DINH,BÌNH ĐỊNH,Binh Dinh
VN,VIET NAM,VN-31,BÌNH ĐỊNH,BÌNH ĐỊNH,Binh Dinh
VN,VIET NAM,VN-32,PHU YEN,PHÚ YÊN,Phu Yen
VN,VIET NAM,VN-32,PHÚ YÊN,PHÚ YÊN,Phu Yen
VN,VIET NAM,VN-33,DAK LAK,ĐẮK LẮK,Dak Lak
VN,VIET NAM,VN-33,ĐẮK LẮK,ĐẮK LẮK,Dak Lak
VN,VIET NAM,VN-34,KHANH HOA,KHÁNH HÒA,Khanh Hoa
VN,VIET NAM,VN-34,KHÁNH HÒA,KHÁNH HÒA,Khanh Hoa
VN,VIET NAM,VN-35,LAM DONG,LÂM ĐỒNG,Lam Dong
VN,VIET NAM,VN-35,LÂM ĐỒNG,LÂM ĐỒNG,Lam Dong
VN,VIET NAM,VN-36,NINH THUAN,NINH THUẬN,Ninh Thuan
VN,VIET NAM,VN-36,NINH THUẬN,NINH THUẬN,Ninh Thuan
VN,VIET NAM,VN-37,TAY NINH,TÂY NINH,Tay Ninh
VN,VIET NAM,VN-37,TÂY NINH,TÂY NINH,Tay Ninh
VN,VIET NAM,VN-39,DONG NAI,ĐỒNG NAI,Dong Nai
VN,VIET NAM,VN-39,ĐỒNG NAI,ĐỒNG NAI,Dong Nai
VN,VIET NAM,VN-40,BINH THUAN,BÌNH THUẬN,Binh Thuan
VN,VIET NAM,VN-40,BÌNH THUẬN,BÌNH THUẬN,Binh Thuan
VN,VIET NAM,VN-41,LONG AN,LONG AN,Long An
VN,VIET NAM,VN-41,LONG AN,LONG AN,Long An
VN,VIET NAM,VN-43,BÀ RỊA - VŨNG TÀU,BÀ RỊA - VŨNG TÀU,Ba Ria - Vung Tau
VN,VIET NAM,VN-43,BA RIA-VUNG TAU,BÀ RỊA - VŨNG TÀU,Ba Ria - Vung Tau
VN,VIET NAM,VN-44,AN GIANG,AN GIANG,An Giang
VN,VIET NAM,VN-44,AN GIANG,AN GIANG,An Giang
VN,VIET NAM,VN-45,DONG THAP,ĐỒNG THÁP,Dong Thap
VN,VIET NAM,VN-45,ĐỒNG THÁP,ĐỒNG THÁP,Dong Thap
VN,VIET NAM,VN-46,TIEN GIANG,TIỀN GIANG,Tien Giang
VN,VIET NAM,VN-46,TIỀN GIANG,TIỀN GIANG,Tien Giang
VN,VIET NAM,VN-47,KIEN GIANG,KIẾN GIANG,Kien Giang
VN,VIET NAM,VN-47,KIẾN GIANG,KIẾN GIANG,Kien Giang
VN,VIET NAM,VN-49,VINH LONG,VĨNH LONG,Vinh Long
VN,VIET NAM,VN-49,VĨNH LONG,VĨNH LONG,Vinh Long
VN,VIET NAM,VN-50,BEN TRE,BẾN TRE,Ben Tre
VN,VIET NAM,VN-50,BẾN TRE,BẾN TRE,Ben Tre
VN,VIET NAM,VN-51,TRA VINH,TRÀ VINH,Tra Vinh
VN,VIET NAM,VN-51,TRÀ VINH,TRÀ VINH,Tra Vinh
VN,VIET NAM,VN-52,SOC TRANG,SÓC TRĂNG,Soc Trang
VN,VIET NAM,VN-52,SÓC TRĂNG,SÓC TRĂNG,Soc Trang
VN,VIET NAM,VN-53,BAC KAN,BẮC KẠN,Bac Kan
VN,VIET NAM,VN-53,BẮC KẠN,BẮC KẠN,Bac Kan
VN,VIET NAM,VN-54,BAC GIANG,BẮC GIANG,Bac Giang
VN,VIET NAM,VN-54,BẮC GIANG,BẮC GIANG,Bac Giang
VN,VIET NAM,VN-55,BAC LIEU,BẠC LIÊU,Bac Lieu
VN,VIET NAM,VN-55,BẠC LIÊU,BẠC LIÊU,Bac Lieu
VN,VIET NAM,VN-56,BAC NINH,BẮC NINH,Bac Ninh
VN,VIET NAM,VN-56,BẮC NINH,BẮC NINH,Bac Ninh
VN,VIET NAM,VN-57,BINH DUONG,BÌNH DƯƠNG,Binh Duong
VN,VIET NAM,VN-57,BÌNH DƯƠNG,BÌNH DƯƠNG,Binh Duong
VN,VIET NAM,VN-58,BINH PHUOC,BÌNH PHƯỚC,Binh Phuoc
VN,VIET NAM,VN-58,BÌNH PHƯỚC,BÌNH PHƯỚC,Binh Phuoc
VN,VIET NAM,VN-59,CA MAU,CÀ MAU,Ca Mau
VN,VIET NAM,VN-59,CÀ MAU,CÀ MAU,Ca Mau
VN,VIET NAM,VN-61,HAI DUONG,HẢI DƯƠNG,Hai Duong
VN,VIET NAM,VN-61,HẢI DƯƠNG,HẢI DƯƠNG,Hai Duong
VN,VIET NAM,VN-63,HA NAM,HÀ NAM,Ha Nam
VN,VIET NAM,VN-63,HÀ NAM,HÀ NAM,Ha Nam
VN,VIET NAM,VN-66,HUNG YEN,HƯNG YÊN,Hung Yen
VN,VIET NAM,VN-66,HƯNG YÊN,HƯNG YÊN,Hung Yen
VN,VIET NAM,VN-67,NAM DINH,NAM ĐỊNH,Nam Dinh
VN,VIET NAM,VN-67,NAM ĐỊNH,NAM ĐỊNH,Nam Dinh
VN,VIET NAM,VN-68,PHU THO,PHÚ THỌ,Phu Tho
VN,VIET NAM,VN-68,PHÚ THỌ,PHÚ THỌ,Phu Tho
VN,VIET NAM,VN-69,THAI NGUYEN,THÁI NGUYÊN,Thai Nguyen
VN,VIET NAM,VN-69,THÁI NGUYÊN,THÁI NGUYÊN,Thai Nguyen
VN,VIET NAM,VN-70,VINH PHUC,VĨNH PHÚC,Vinh Phuc
VN,VIET NAM,VN-70,VĨNH PHÚC,VĨNH PHÚC,Vinh Phuc
VN,VIET NAM,VN-71,DIEN BIEN,ĐIỆN BIÊN,Dien Bien
VN,VIET NAM,VN-71,ĐIỆN BIÊN,ĐIỆN BIÊN,Dien Bien
VN,VIET NAM,VN-72,DAK NONG,ĐẮK NÔNG,Dak Nong
VN,VIET NAM,VN-72,ĐẮK NÔNG,ĐẮK NÔNG,Dak Nong
VN,VIET NAM,VN-73,HAU GIANG,HẬU GIANG,Hau Giang
VN,VIET NAM,VN-73,HẬU GIANG,HẬU GIANG,Hau Giang
VN,VIET NAM,VN-CT,CAN THO,CAN THO,Can Tho
VN,VIET NAM,VN-CT,CAN THO,CAN THO,Can Tho
VN,VIET NAM,VN-DN,DA NANG,DA NANG,Da Nang
VN,VIET NAM,VN-DN,DA NANG,DA NANG,Da Nang
VN,VIET NAM,VN-HN,HA NOI,HA NOI,Ha Noi
VN,VIET NAM,VN-HN,HA NOI,HA NOI,Ha Noi
VN,VIET NAM,VN-HP,HAI PHONG,HAI PHONG,Hai Phong
VN,VIET NAM,VN-HP,HAI PHONG,HAI PHONG,Hai Phong
VN,VIET NAM,VN-SG,HO CHI MINH,HO CHI MINH,Ho Chi Minh
VN,VIET NAM,VN-SG,HO CHI MINH,HO CHI MINH,Ho Chi Minh